Battery Capacity,Average Speed,Battery Temperature,AC Usage,Range
62.47240713,31.10797573,13.08528419,0,256.8898504
97.04285838,52.51405684,12.34893995,1,367.143553
83.91963651,72.37675015,45.31272903,0,246.1232838
75.91950905,63.93349318,12.47730999,0,250.0509458
49.36111843,68.39366887,13.59748631,0,98.62860813
49.35967122,59.527002,37.96991312,1,91.81339184
43.48501673,61.53659387,22.48699212,1,61.56477316
91.97056875,70.95173909,38.83552785,0,281.0133136
76.0669007,34.98008053,3.268307878,0,304.8409515
82.48435467,49.36549782,24.37855968,0,303.0820328
41.23506966,33.27256651,1.680680009,0,137.8236386
98.19459113,79.26008048,3.132660173,0,326.7267953
89.94655845,76.64356038,45.32187267,0,264.3272745
52.74034664,22.36560868,6.962268556,0,221.5718435
50.90949803,62.33451035,26.62103411,0,103.3966332
51.00427059,75.51489904,20.55478013,0,101.4744439
58.25453458,30.83452071,17.36716631,1,200.8978781
71.4853859,54.07671383,44.99166728,0,219.2533158
65.91670112,74.92929786,1.091169839,0,164.5114731
57.47374841,22.03675872,33.18948431,1,211.686461
76.71117368,61.84521603,48.16972171,0,245.5337001
48.36963164,37.84094044,28.00840917,0,157.3183536
57.52867891,75.46377172,46.8411231,0,123.0795107
61.9817106,78.26349471,2.612893964,0,157.296542
67.36419905,76.65598935,20.93966595,0,162.0024853
87.11055768,48.452853,13.00788955,0,328.8352454
51.98042693,71.72255906,36.54104825,1,80.38450111
70.8540663,70.67296391,49.06485452,0,201.6977255
75.54487413,39.14602839,12.82650312,0,281.0511758
42.78702476,69.73492845,32.70873007,0,67.04787877
76.45269111,22.22045808,9.904881638,0,341.7996373
50.23144742,55.77619271,28.26651273,0,143.7677973
43.90309558,33.80053024,23.19662433,1,126.2192393
96.93313224,27.23401315,48.60026648,0,413.0207232
97.93792198,24.6171921,30.42636363,0,448.0585623
88.50384089,61.77732655,17.4753186,0,304.0504753
58.27682615,40.39249783,5.704789244,0,192.396338
45.86032684,63.48600629,7.562341437,1,69.74835056
81.05398159,23.92138045,11.2658465,0,358.9213441
66.40914962,38.91742027,12.54833307,0,229.105239
47.32229409,52.36947754,42.53080289,0,106.8839234
69.71061461,67.44338989,28.06113941,1,194.0088554
42.06331127,39.12515018,26.16954557,0,120.8332386
94.55922412,57.55348259,5.738443593,0,359.0743823
55.5267989,73.15866489,43.00698467,1,102.0360709
79.75133706,56.95179129,36.14071516,1,269.5714033
58.70266457,33.97756849,3.383418095,0,214.343313
71.20408127,21.46404689,35.39175486,0,288.6264838
72.80261676,72.20593243,27.17691087,0,198.286169
51.09126733,21.27616465,4.086267287,0,219.1627918
98.17507767,72.48210036,22.91503208,0,343.4576575
86.5079694,51.73622804,24.23481436,0,321.4622369
96.36993649,76.34406191,8.288727008,0,336.8521318
93.68964103,67.92699415,47.28490735,0,297.1713545
75.87399873,79.87604663,42.49876857,0,215.0407572
95.3124541,41.04270893,33.45111687,1,382.9836804
45.30955012,66.03129734,23.11477805,0,90.28398689
51.75897175,44.11585482,20.58827708,0,178.0869996
42.71363733,48.79253722,32.54867336,0,83.14254348
59.51981985,57.65032779,27.27159347,1,153.4181655
63.32063738,72.42062685,3.113655294,0,162.852071
56.28094191,79.04500815,25.62513244,0,117.7169202
89.72425055,66.09640483,40.32018086,0,285.7669453
61.4051996,45.06600693,22.96199388,0,212.9879387
56.85607058,45.28142014,2.597828878,0,206.1239596
72.56176499,64.2549381,39.31390997,0,221.5940228
48.4554535,34.32662875,10.06818911,0,171.4274257
88.13181885,26.62844679,12.93104174,1,361.0579464
44.47303862,41.27732946,8.235317672,0,127.2243657
99.2132162,37.2343395,16.51075324,0,425.8382144
86.33468616,37.77848723,37.83757528,1,334.9911587
51.92294089,34.01646506,25.96929298,0,178.2069327
40.33132703,22.52559138,10.24406371,0,147.3043251
88.92768571,21.07243608,43.89150391,0,360.2897257
82.41144063,79.26334338,43.97909275,0,220.8324458
83.74043008,45.66638802,43.52892125,1,314.7191046
86.2762208,43.05959883,11.93981057,1,316.4874454
44.4426791,60.77883696,22.56196721,0,91.2695362
61.50794371,33.09523327,49.24948281,0,226.7989503
46.95214357,76.99767104,38.60062382,1,38.9158372
91.78620555,67.18070086,1.358371061,1,315.7375452
77.39788761,25.36466014,3.260229563,1,334.0091584
59.85388149,45.05484655,23.19656884,0,197.6864232
43.81350102,72.74709845,45.46101029,0,79.52683359
58.6589393,76.68392134,26.9350899,1,99.7733163
59.51099932,48.04409067,24.8906254,0,199.6087879
83.7763707,56.80468335,5.273684998,0,300.9076269
78.25344828,30.02203677,32.83900524,0,322.5228668
93.23276455,79.47011757,41.10515803,0,291.0840801
68.33289551,33.90030208,19.02100038,0,257.0218112
47.17565476,76.56390645,38.78059255,0,65.65012854
82.79468723,58.97879894,48.2238327,1,243.3249074
85.64710292,56.46420769,10.18832296,0,316.2454127
73.67663185,50.76131066,26.16648156,1,246.7588818
86.2580308,33.8401887,14.3568979,0,362.8179293
69.62773578,30.59168192,39.64272095,0,277.7151378
71.36396976,33.22917254,28.87966829,1,269.597868
65.6524611,31.18629573,31.72912088,0,251.5060478
41.5251476,66.77506841,39.89570798,0,45.31706384
46.47348562,41.00751555,19.79852363,0,133.3309275
41.88575114,23.47056059,45.75450342,0,151.477729
78.18462468,78.14615781,26.65144336,1,225.6684401
58.86135886,73.0271531,7.897741142,1,131.9225132
70.51424147,75.66513699,34.79495591,0,184.3034829
94.45398844,79.69446936,39.66306752,0,284.0033259
54.95753375,30.43371495,15.83808385,0,217.7287654
64.62297538,43.77452113,42.85896285,1,210.7905215
85.33306831,65.49430854,45.30716274,0,292.4353175
53.72788993,61.76123708,13.84522437,0,129.4111325
44.61879459,29.23375438,49.17607364,0,136.2583484
57.38508717,68.9499875,7.035576402,0,147.8221319
49.67327724,33.46643431,10.10078342,0,182.8480212
95.78185914,33.42905689,9.211241962,1,395.2888846
88.48722277,52.21846537,44.6994855,0,306.9198295
78.00422539,55.57639609,32.71462762,0,271.3250963
92.28763541,54.80517247,7.605214161,1,345.2365787
88.22032461,25.48921024,22.01617092,1,359.9523761
51.19420353,72.64765176,30.76490125,0,108.8476915
93.55353991,35.93600256,4.173204249,0,405.5110794
72.36053451,27.77089528,44.12081842,0,285.5434378
88.44640931,73.32488479,40.18017677,0,276.2881672
93.765478,77.33908989,25.26033868,0,307.0596186
59.0802085,71.72765704,48.35633076,0,119.1505323
46.60311547,68.57096448,20.88804896,0,85.7299387
53.67610975,59.31451884,49.20551595,1,93.62491766
65.62646732,53.05144224,33.39599994,0,214.0960086
89.08088596,25.21920559,31.73356366,0,363.4843045
91.643835,44.50719278,8.297744765,0,380.0901153
40.41712783,42.36131102,44.09638792,1,82.01362222
70.64483815,35.58522703,21.3744844,1,259.2498247
65.04466019,63.40520682,8.111670289,1,178.0797131
53.32646863,49.7525441,0.630375999,1,153.9316782
47.19192204,24.86277295,27.98778418,1,176.4254857
60.25691028,33.21099212,26.36998111,0,196.7994901
96.57458223,60.99552582,35.96768112,0,355.6676728
59.39217592,24.56785157,44.51290265,0,228.94896
71.1274373,71.07241484,3.970329232,1,189.4369757
82.18113753,49.70879162,36.57482452,1,272.4475682
61.81777614,48.83519464,9.370597205,0,223.4971231
98.30692496,55.54446708,42.90885266,0,349.5361955
97.7468377,69.48085796,40.95317569,0,317.7623796
55.10693775,40.86855247,27.03968775,1,181.6508853
69.83491035,60.68096915,35.51213993,0,213.4420723
58.05269859,53.94391784,15.71750566,0,165.1376487
57.09042966,36.02169621,23.55839495,0,203.7958082
42.21321684,72.71779918,41.08184489,0,34.83203656
76.57386004,67.8455613,22.96325986,1,236.7047617
70.16074139,59.50711008,17.88991327,0,233.4582398
43.08872507,71.03490375,24.71062236,1,56.33856869
56.71878785,72.03765206,41.41246262,0,122.4290145
94.49595316,62.5017786,16.76040237,0,356.7078886
54.37371344,70.2207997,8.688079657,0,127.0797912
48.69369233,61.8482877,35.60070102,1,80.15279446
69.36716562,60.80844631,41.29891064,0,209.0642193
99.13902725,57.11668269,5.031873926,0,399.8063044
54.52331629,65.16299837,11.99370564,0,126.146137
80.32813284,29.51630632,7.098599488,1,325.4441242
85.69717692,72.85224555,17.39707058,0,278.2473186
54.25825264,72.31061166,22.51754895,1,104.8722169
83.69298092,21.75483698,37.44131685,0,346.4115364
62.06698796,69.54900503,32.55737924,0,166.1768187
77.93834984,27.73219205,31.04642837,0,341.9045581
78.01178265,40.10713126,17.61874733,0,302.9965916
72.14648104,64.61049538,42.07237765,0,201.4345427
45.4173862,29.64559376,23.56435837,0,140.5239591
90.11814974,69.07802145,48.9552469,0,290.5368421
59.2468039,69.92805068,31.70710691,1,141.5631381
51.19111062,50.44806403,6.313237078,0,156.654484
42.44650849,20.3831523,33.8088781,1,144.5377604
75.45357659,37.22228799,16.25520077,0,288.8029901
80.65386171,57.0156151,34.31635983,0,261.1582621
40.99526974,78.87117068,3.482057408,0,53.84049187
70.7255835,57.90881162,8.744071859,0,242.5759745
53.58974651,35.58821486,42.78686295,0,159.9215735
78.71036742,58.04034219,11.35897785,0,287.6900536
50.46198574,52.39912278,41.85205626,0,132.3263672
81.45626429,66.79072371,13.96380442,0,280.7139183
63.20412078,26.41883833,32.1440955,1,223.689602
96.20379932,65.66167415,34.70752868,1,308.6836424
48.25125665,52.47599472,25.63273766,0,121.9982319
60.46398106,77.77952023,15.26553383,0,144.1559422
46.80841127,40.51232996,10.63221882,0,165.6648953
95.4816171,57.95731359,1.659467728,0,367.7245136
92.6403612,75.92168633,15.19732006,0,301.3329606
55.47649766,26.15058368,32.65813953,0,198.4885591
79.59904276,76.23370923,46.91524092,0,234.3701806
89.03333201,61.27314334,43.56022411,0,291.1932071
73.3120487,24.07022355,38.30323883,0,315.5528625
71.7790347,38.05781402,39.42236716,1,250.2245154
54.51113745,62.49032532,33.24924517,1,136.8562348
45.58616607,24.04103609,13.01434288,0,180.1308996
93.83294548,54.93022761,45.35975154,1,325.2544415
94.02508343,40.75298342,33.5366156,1,356.6571788
77.98608744,57.25493107,28.02203155,0,258.0004805
60.34178746,22.74452203,5.549473461,0,257.7283235
60.95257448,72.29220837,22.35277719,0,149.773632
83.55734073,78.40933815,23.01791356,1,233.5209565
93.8266156,78.13267132,43.22818048,1,279.597331
93.22518546,64.9791099,27.33241101,0,323.2872723
86.79253275,27.80517441,19.02002745,0,347.5549603
78.52189877,65.49579176,48.84001643,0,241.7795833
45.0483979,21.47521499,5.536029666,0,169.7263324
49.69772285,21.32741309,21.12742142,0,183.7367533
93.91325131,39.41661315,2.101233759,1,362.8089699
76.38574358,49.31859142,36.99520604,0,246.8550071
40.5518231,66.22444507,45.90382761,1,23.80383651
46.08829257,60.9977226,14.00186648,1,84.35487485
79.81010615,46.75416238,42.91708384,1,293.6162554
40.30369503,36.41759998,14.61091152,0,116.1190227
49.64848309,79.82747001,45.53850808,0,67.59572243
72.92402736,45.57087813,37.69809518,0,258.6341468
81.51371186,47.08322146,40.24533884,0,294.5900988
79.11767557,29.81742927,0.90032778,0,334.7289208
53.45615857,67.68857292,48.14051785,0,95.88045043
82.73075328,61.62093355,36.3335496,0,286.7544
54.23494525,33.24617677,15.23755477,0,215.1355618
59.52398189,24.94286274,41.46973324,0,210.1727304
84.78948431,60.82995812,14.07605992,0,285.0091894
78.97797394,59.27067286,43.63769198,1,241.7315746
90.95340463,36.39557162,5.629019521,1,359.5159922
79.45677354,77.05181374,35.18429887,0,230.6477463
74.0985162,29.06347351,27.03492383,0,291.56545
45.62048607,45.94008806,4.82672351,0,155.4594531
62.06294818,76.61695521,12.09469141,0,162.9389707
55.91214206,45.18363902,0.620201814,0,191.0090717
54.6393786,58.31155686,23.43839827,1,145.1244428
98.38063329,43.85566388,15.06326304,0,407.7192114
63.58586348,36.45291214,29.91787421,0,224.4250811
93.52279331,79.03865888,14.86189039,0,293.9435312
77.86831756,44.56004038,14.99595558,0,293.5049599
87.68867821,73.64595222,37.15965994,0,281.1880179
70.15822559,33.79727635,2.407141799,0,283.3836083
74.61423308,32.78628224,45.14474976,0,269.1562612
69.55106163,21.86804497,42.61319372,0,274.6843769
51.71457927,59.10000952,33.39023416,0,122.9380316
83.34712692,42.11158062,29.66107851,0,316.925278
56.84634175,71.86149499,44.61512491,0,137.9265781
41.45895799,48.3925944,9.266508976,1,82.01646721
78.72833775,78.09160567,3.94845811,0,240.5401408
50.62664076,31.13153094,11.9755085,0,199.7735188
96.42751506,72.11739008,39.72891394,0,340.7528356
97.23571462,66.59581117,1.733513336,0,348.0762199
94.89186341,66.25531068,29.14034175,0,332.2928194
62.20952202,70.68699369,49.77187581,0,150.4852884
40.92739699,65.66143946,42.78480469,1,43.87652102
95.69911376,57.5732193,26.07228445,0,349.3245359
65.6910489,27.87469266,3.182045464,0,275.4745903
97.99928914,21.95157077,41.56867572,0,399.9865055
97.81719863,75.25087087,29.94892541,1,320.4304836
91.18056733,56.99901887,5.746649853,0,340.293253
57.66693352,67.79223746,4.692864241,0,148.1790116
63.10586372,48.89134109,45.48134097,0,215.4745879
91.06820029,27.03849134,33.46001315,0,377.784672
59.01532031,27.51114753,41.46433997,0,215.2913766
50.1695648,61.13391723,43.94894501,0,126.5210501
73.40807575,45.81835369,28.5886176,0,252.7887495
96.16928645,32.0314836,25.87231759,0,398.3461534
81.7617878,49.4956728,21.52137052,0,297.5866539
74.20367021,23.85253622,15.84732939,0,323.7969587
45.83058963,54.91828411,21.72979804,1,100.529506
76.9004336,36.13960427,38.69398279,0,279.9497146
99.40323101,67.85354604,30.09617155,0,340.9392915
48.40504091,38.62171754,44.6261645,0,136.3951429
71.09977914,47.31320894,22.16900072,0,249.015767
92.64238432,20.69723239,30.35447894,1,400.8986539
84.44611707,24.34681327,31.56537765,0,361.9363275
81.82094446,43.54961338,29.58485812,0,289.4529489
82.14904504,48.79633008,35.13168865,0,306.2261306
61.56946907,56.00123289,11.87167342,0,192.4347313
57.61551066,37.49975472,25.61818888,0,214.1142699
88.56166933,61.69891317,5.21124014,0,321.2468835
88.60680368,71.60734383,19.22556638,0,301.2197771
92.02433911,66.79105933,24.38335343,1,309.0133533
94.79443315,22.37712952,32.61121298,0,426.3745578
70.68054393,48.83041684,47.52655263,1,227.201116
70.09097768,26.29581071,30.03255333,1,271.8678379
87.89771074,34.52270095,37.17969581,1,364.5776511
78.99783585,79.1997556,25.31330297,0,232.8233878
82.11801264,28.54973257,31.70520157,0,343.3754415
87.74756017,49.93328921,3.546610807,1,314.3348728
93.40032051,57.08934406,12.71957904,0,333.5800487
60.27970941,62.14789823,18.09265466,0,170.9835781
62.53497716,53.57892101,23.62466775,1,185.1599219
45.63891639,20.58625085,2.282437275,1,169.739636
74.69680846,39.58767849,7.001204878,0,292.2179099
42.15653643,51.0626986,13.84071539,0,117.6231965
67.93588109,25.27198995,48.57663455,0,271.801133
72.55867808,41.03761587,16.56735036,1,251.0243984
57.19247513,21.99218653,24.10205291,1,218.8118879
75.44999563,24.71470983,9.804885637,0,314.8684509
41.830015,43.81539657,30.53900355,0,102.3727809
42.24089132,27.96294524,14.03416078,1,134.1253291
89.35603364,54.0524509,10.34962892,0,328.7239961
61.61143848,61.36789815,25.82863142,0,159.8557267
47.62363076,68.03520195,0.275289958,1,90.63355811
71.3345956,32.00901465,0.383201632,0,286.8572715
86.19961319,30.04895494,10.95344046,0,336.1289489
52.94926165,26.27407042,1.836068125,0,231.8098536
77.37342855,58.18581497,5.401287707,0,278.6825655
45.1208479,62.38854359,16.94303247,1,78.59262884
43.10090327,21.89516869,40.12928398,0,151.8377275
71.88127789,76.17273477,28.60243217,1,171.0431604
72.4381073,23.11827702,25.6333863,0,320.0945181
78.24579409,52.47778012,14.67444116,0,297.9090766
83.56548002,62.54363117,46.58768597,0,271.0132321
98.55112477,72.25814742,19.85075206,0,348.5492594
70.9780209,62.84521593,4.35463834,0,228.7752213
59.37738838,68.10368498,30.85332581,0,131.8856546
87.71117169,40.36701155,5.691919674,0,350.8576418
56.24993508,68.88950682,17.26115714,0,136.1593628
66.33828524,24.80689078,25.37059694,1,254.846869
44.70738288,73.68899936,43.71112623,0,52.11681978
41.5210446,52.85554257,24.67732902,1,78.6414778
97.75890488,69.0378662,35.1129383,0,332.3535379
90.15880723,47.13909707,49.64084195,0,332.2180059
81.75845237,58.61466171,6.574455995,0,277.6696597
64.53717666,51.58415966,13.73657628,0,205.4791144
50.3976592,63.89537131,19.72880378,0,101.4873089
49.38622256,24.89779892,21.09140893,1,186.367966
55.01457389,23.62112504,20.55105376,1,186.4986231
72.95359988,34.82619404,45.38055013,0,283.9612397
82.87575536,29.57268081,35.70163222,0,351.2460931
79.6118426,72.307014,30.3952607,1,225.2257488
56.79603382,33.15283924,15.46863589,0,183.9088018
97.29191684,78.55191535,41.18951921,1,295.1478883
84.273815,40.21374751,47.75302557,1,306.4232256
73.26124315,30.92707494,41.05991413,1,263.8161266
76.70324477,67.38191043,0.07825526,0,243.5610914
65.17600375,59.52246653,31.82006851,0,206.2270034
54.86385937,49.89174299,2.556769072,0,179.906698
61.35836072,53.32181306,12.88036102,0,184.4623558
85.47076663,63.1521067,2.976235017,1,273.5855105
40.86360932,33.70728448,30.18977265,0,118.5384181
46.96435843,79.78003496,34.32949567,0,55.96240659
42.76015852,78.48758973,5.724381903,1,48.92541407
42.44372814,59.01954118,19.19194415,1,69.23041913
91.32763504,31.97254706,22.81182545,1,376.4021641
82.21947156,60.81369455,18.45265109,1,289.5951836
68.45042975,24.33190454,6.051250024,0,298.7177249
45.87004964,21.83915013,20.94738951,0,174.7173681
69.49695251,35.46097331,37.55890239,1,245.95186
68.40830625,47.7573774,3.550383227,0,241.1848535
50.39211219,72.09635032,4.009000704,0,117.5697691
66.03109895,63.63014419,17.73856459,0,187.7527896
63.91028406,64.56239127,47.08628558,0,167.3357221
76.95100588,45.52960007,33.42863234,1,267.4934921
78.10561905,40.75609955,33.93349783,0,287.0313053
42.71824059,42.26232578,18.09599954,0,106.2938961
62.47675688,79.25897382,29.68303956,0,142.254062
77.55159494,22.40655148,0.506559201,0,342.0815524
70.18817551,72.02188977,31.80480232,0,195.9971016
91.38939047,54.72052451,45.66434738,0,319.3377266
79.5216179,46.31692515,30.62867342,1,291.8681155
49.77606562,63.51545962,43.68492967,0,91.23920623
44.23412484,49.20013649,36.19865277,0,121.7914277
78.54515669,72.40539428,6.02792082,0,227.4246694
41.59067863,74.04211184,45.12266536,0,41.65553744
75.14653488,45.30325561,3.322192218,0,288.2193739
96.41381449,36.60966783,26.69837363,1,377.5449793
74.52845067,55.54101972,7.10685619,0,262.2507252
63.29019557,74.74180074,0.585330537,1,169.4698978
78.59729311,32.63973134,21.10171301,0,294.987958
67.49517343,57.37799501,14.75203538,0,220.3713075
72.73700736,57.89361321,24.30002469,0,210.8150898
96.48788853,63.98678134,28.85999434,1,320.3792347
63.16615827,27.89406111,2.186953615,0,275.240856
97.67143383,62.94949788,6.150164756,0,353.5652707
94.32103852,74.54195124,27.93211982,0,296.8164306
51.74746809,30.78098653,17.15836766,0,186.6168063
44.16167805,34.2525995,36.45867438,0,154.7529175
46.04668008,78.28370564,32.61458243,0,39.04187544
41.09330954,30.85861716,42.28021815,0,112.0961052
45.66657765,71.2631056,34.62464133,0,83.46867319
80.9804064,49.53667139,21.49655387,0,313.6574358
44.27131891,34.83386446,33.64833112,1,123.8303878
59.13853782,72.24499408,13.76905871,1,121.9276446
90.69251866,46.7183153,15.31567494,1,363.3265602
41.39631614,50.88904124,39.449258,0,101.4232932
88.86810896,41.55400216,22.32097582,0,356.8615224
56.91128649,55.57705109,39.91901703,0,145.3187983
47.08988966,29.81143236,41.12111868,0,154.7757308
81.80422992,43.4648922,42.87811688,0,299.048706
77.73657081,78.16473934,45.83176179,0,212.7460075
92.64832081,35.48800596,21.54926103,0,396.000976
84.10426263,59.40419987,15.94334092,0,302.5354133
88.20885582,39.51140385,29.10993733,1,326.692742
56.92207435,66.40838754,18.55862117,0,156.2792506
50.64637263,27.85241964,30.05370834,0,185.6314911
85.0368851,78.1892627,35.27929313,0,258.0369115
88.41008436,47.22737248,34.42025092,0,345.0509599
99.43030852,34.1630278,18.72764435,0,408.3458623
64.75706061,24.40980484,8.343010085,1,260.4359326
62.32108515,30.18547431,21.52646692,1,225.1566982
86.58477764,51.18643691,7.129707204,0,311.3075665
60.44821242,40.22019059,44.50485176,1,193.0153548
95.84543954,69.73300195,17.29387304,1,346.2298228
91.50476511,45.85325142,7.722987361,1,333.5550516
65.73964164,34.92285636,1.272387995,1,247.8934954
85.05226407,57.0286992,32.29111931,0,301.4637916
85.27257245,62.40663301,31.84511587,0,286.8578203
46.18743213,30.02251447,17.03020833,0,161.245747
94.1531744,30.05715298,3.585594442,0,395.8666052
70.31514235,22.20028562,20.48144474,1,289.2622856
89.58744797,64.1841209,15.56087475,0,304.2209209
59.20297606,59.82827166,33.85603199,1,127.531104
93.73139371,48.47785254,30.28896247,1,358.5027044
63.35210072,70.65022694,18.22968641,1,165.9290647
40.65025909,68.34020918,10.89462771,1,51.640173
94.32291859,55.12126186,49.40179831,0,338.9619169
45.47720061,72.09627683,22.70008106,0,82.58658897
59.15881826,32.3504726,34.41371179,0,216.1296867
97.00371802,26.71517716,7.027648379,0,437.1145871
97.03642882,36.18497669,24.27948498,0,397.6976262
74.40627329,23.42521137,1.376835993,0,337.6123631
77.91023273,51.87017168,25.2727559,1,266.3822996
66.90673132,76.19634154,48.20087036,0,159.9810578
57.5926463,22.36061244,19.21033565,0,220.9362279
59.71987272,27.32659484,1.949800629,0,245.8408322
80.35110736,47.1319417,1.547789546,0,298.3982095
85.14247177,76.03250105,19.399338,0,257.5648605
87.49474262,38.9693663,8.001246823,1,337.3806008
87.37708857,50.43408852,1.167604816,0,324.7711141
45.47236618,22.49437154,37.8106807,1,174.7154615
69.66521828,28.90059206,22.92615044,0,292.3752227
43.4535256,79.19780738,14.4622386,1,60.84456897
72.97173294,77.90712179,45.00415915,0,174.3133914
66.49183008,20.29639886,5.80694801,0,289.6754162
93.26225097,77.10870713,47.79594145,0,275.2607936
61.05490075,58.34719627,15.69833587,1,163.7739945
47.02402099,72.07509767,44.42018362,0,59.57854794
48.57950092,47.28439134,30.14714382,0,145.6509901
85.6906379,50.93576171,41.33536799,1,291.9516853
77.0930838,49.33079482,49.20065816,1,262.8872936
46.06736057,60.01185545,14.42027189,0,109.1441649
45.04640837,28.37907529,48.05677427,1,157.4818916
82.05814789,21.79841539,19.47409475,0,342.162419
44.36578038,38.4757965,19.27559524,0,147.8318437
89.31160356,62.28084576,17.01935521,0,324.9510574
82.37453363,32.11120713,27.07038037,1,314.3812753
44.88092684,60.405946,7.707252159,1,99.81044948
45.09026285,78.19472277,27.68557427,0,58.58053119
99.19837471,25.63404295,27.08524062,0,428.9064047
62.45624775,60.35612709,38.09509063,0,164.2820844
62.23852882,46.62501316,41.6824981,1,179.9102742
88.76797404,72.08853526,22.02206752,1,299.1498869
96.83491464,30.62898737,15.11666247,0,415.3650954
99.16006383,61.55755713,12.96674487,1,364.0231325
85.20269112,70.28691738,9.731191835,1,262.6650311
62.57557513,76.67685317,2.88237911,0,150.2844503
45.010043,60.9948817,17.12239894,0,105.3191002
86.62881496,49.83048584,13.51238461,0,313.2311487
73.50425498,57.07083441,48.32086929,0,225.0670338
65.45332055,72.13429907,27.88544131,0,169.3955581
94.38126311,54.2365848,17.36385195,0,355.864946
46.67184894,21.82322358,29.02338005,1,163.4101747
69.55750626,75.85692173,6.959835067,0,196.5519681
40.68121869,61.37160506,22.20218746,0,76.49034713
68.11963852,60.59080315,31.31171607,0,211.1071037
43.37819654,32.94050914,24.44489159,0,128.9294805
47.12907498,59.53312821,20.08894003,0,103.6930975
47.05157481,43.63186434,49.69241944,0,135.0955643
78.95261813,59.07397862,44.01573811,0,263.5537362
84.76269276,26.39558182,31.17029791,0,341.7085567
75.00212591,59.47071828,28.46886806,0,245.349558
97.73035291,79.96482355,31.03302399,0,293.423353
62.49223477,22.89272233,10.06560539,1,252.1122755
57.14272518,78.63045105,19.75688716,0,137.5519504
92.11594769,44.41447764,1.972976645,0,361.2853677
53.41575031,72.24520702,23.77730187,1,92.35645612
97.79335237,66.94312904,27.1512292,0,349.145187
40.72926848,54.02097566,11.38748681,0,74.48263253
98.1927296,64.30695256,48.20144236,1,321.9214714
42.58959472,72.71093368,45.47273055,0,50.75415233
93.46858682,44.2484193,36.10716177,0,354.4496561
71.66206655,39.62198969,26.66933144,1,253.3719877
99.57788777,60.05560313,43.49845798,1,353.4708607
44.42779388,68.47075652,6.532617191,1,76.14660863
73.23125706,65.73710809,39.52548971,0,217.5875083
98.15815214,67.86881893,6.241040698,0,348.5413797
71.38587065,46.13499889,39.71053313,0,248.5047001
77.76391829,69.07005297,13.78837841,0,242.5479695
81.74492134,27.21254332,43.85452905,0,336.9503116
67.27246389,52.66934588,47.20210469,0,202.4532551
77.65348481,20.34551963,7.43979847,1,332.0307958
75.05885872,39.47514979,23.13378025,0,274.8775259
94.06948063,41.98769209,49.04936891,0,361.4972584
42.72678282,43.7703615,24.1703718,0,105.8979966
56.85779138,61.7280324,43.17737613,0,128.1037395
97.02468904,43.31348608,29.43657611,0,386.3647965
93.41582703,46.92161736,18.7664954,0,365.9800505
67.33940517,34.25264785,14.28917778,0,268.8758786
77.20795587,42.3951075,10.16115455,0,291.8577314
56.64287098,33.63617764,38.08990957,1,190.9775733
51.28726958,24.39175543,19.32702534,1,193.4973001
67.8219043,56.2069156,25.56377311,0,218.3615418
61.20113368,60.09276791,24.616274,0,165.2554588
75.01936671,57.16942076,28.86395146,1,237.8196511
44.66407822,47.80964263,43.27885728,1,99.70308015
98.46368846,42.78714681,49.03696718,0,382.2974498
99.17264467,71.80001897,20.37921043,1,311.2088036
81.88970284,51.14490711,41.37594611,0,288.0756232
72.16578198,48.75091266,38.22638973,1,256.3392001
58.57165698,21.53852395,28.67644757,1,221.8426205
88.82770118,40.47486966,47.80235718,0,332.006817
81.08387035,42.81173713,10.02372578,1,308.5175002
49.75701636,43.92936685,5.463210515,0,161.3185249
94.65563107,54.81034215,42.69809835,1,344.2357735
89.35223458,52.0161528,21.95749083,0,319.1714403
96.9879948,56.47430557,42.34844271,1,348.130944
83.5431705,65.89299569,44.65451026,0,269.5068266
76.80491176,68.77914432,3.122879681,0,243.4833649
65.09458218,63.08738457,44.17323815,0,180.5983958
95.963709,77.33142176,22.41595277,1,314.2422999
91.96383337,21.09395496,25.52162445,1,403.5935985
42.71312021,31.74667914,31.32962555,1,112.9772369
41.58201847,20.4537725,46.31913034,1,142.0445641
62.58780201,58.84848285,0.955804721,0,194.117256
88.63319985,73.88183294,23.84217342,0,284.2099876
99.23656776,34.60893779,34.38610212,0,410.5038821
49.02501347,75.62207269,36.13534788,0,74.31081813
75.64784292,23.61604342,34.62662158,0,325.610892
62.8534514,76.06616161,6.72175647,0,157.9368759
98.19486387,41.09736123,14.96977942,0,390.0992459
90.52713539,26.08524971,17.93577627,0,387.5619908
90.29972228,49.15230555,40.22186038,0,334.8700173
68.12158959,35.40659406,13.93799362,0,275.1179108
64.88917014,37.09237412,10.53524819,1,241.0244252
56.40442432,38.4373979,47.87240095,1,162.7057725
43.3825298,68.18155387,0.443164256,1,95.17985829
91.88334258,52.3496766,49.89104278,0,332.4195914
88.77406055,38.67846195,33.84106494,0,362.3467537
99.9830604,56.620027,41.42346497,1,354.4463712
99.79821022,62.96904045,14.73096982,0,371.0210778
73.32590234,36.35744004,0.715763883,0,301.9514347
86.13924491,44.81294609,36.89347593,0,334.8055415
96.68594379,27.3131656,41.70722985,0,418.5234559
90.97884344,30.86896097,37.0238066,0,383.366362
54.8408861,60.86707124,7.142514365,0,145.7481636
67.03264812,30.88630086,37.67139611,0,248.8374804
47.74956491,51.50980302,38.44613911,0,119.8312241
97.24306164,62.5427757,32.92702578,0,353.9975246
76.37047807,26.41261539,38.30579664,1,297.6470542
53.71856833,54.03873318,42.29607198,0,150.019059
80.30204106,35.39376702,30.68020571,0,329.9087359
77.08769443,77.77561251,4.430235698,1,208.5089201
61.48976308,49.0127388,24.38139048,0,188.8634355
46.81345553,68.35955299,3.882466734,0,94.00318773
80.29439174,53.01359253,20.37715155,0,288.3323245
71.21846205,22.60475197,20.35532446,0,295.459474
86.3391035,57.98908254,3.300492207,0,327.5891331
71.20981007,77.08420053,17.4410267,1,187.4008045
91.13089002,56.09670921,5.54990494,0,341.0805497
73.11441033,69.15133157,40.4117605,0,192.704413
73.65627829,73.0523878,47.3844013,0,185.326257
92.59921616,33.68478632,3.615823763,0,396.6286888
64.20897197,32.72269039,47.75576036,0,210.3956426
48.04091371,56.65885933,26.12882997,0,123.948809
41.72696058,44.66170819,14.9782839,0,110.2407061
85.30823534,70.39167817,3.843103764,0,316.2671982
77.21857308,74.0013874,25.0312134,0,248.6536464
82.24478609,41.20528276,39.72577722,0,307.1359856
52.77784969,34.21223354,35.35432386,1,166.7242494
48.18228854,66.83153091,2.511300573,0,115.9485457
40.87267994,36.48836213,3.645091768,0,146.5958556
61.03525353,69.35685911,20.14366413,0,140.0104268
75.39506121,45.42429522,14.7645247,1,250.8806986
63.53464271,60.05299396,11.61921615,0,185.5372695
66.24849532,25.73211883,14.05022495,0,278.5805023
94.24952167,57.43155948,40.17413716,1,331.2661567
60.89532802,47.10606072,46.46140268,1,187.7315319
70.83936935,55.19650779,20.25513473,0,221.6792885
87.01918076,30.08085246,45.30555011,0,329.1199852
63.79256694,64.2124247,16.07478506,1,181.0807347
77.32520201,71.76782465,23.82184932,1,212.8974734
91.74182252,33.00438801,11.30144989,1,356.864733
96.97123742,25.74287333,32.02380211,0,418.8091768
48.82440886,21.41831516,48.94905576,0,184.742643
95.59525751,58.51829003,30.1746548,0,344.6318088
69.52697758,56.42564217,17.89070421,1,211.2597676
55.4946633,52.80184476,32.3908723,0,154.0805685
67.54814537,33.91682577,6.146033923,0,263.1282308
98.80195452,43.45435975,44.43295401,1,361.404105
69.55708564,55.66858011,25.15419754,0,216.7243624
59.72509662,49.80601153,22.4674871,1,182.9925155
78.00405126,79.26713121,29.29323942,0,220.0561596
54.40873713,28.18638515,31.23919314,0,201.7319168
44.55179969,61.70867324,3.588790311,0,87.59577197
47.73278331,44.25912609,34.13086106,1,121.2652022
47.68275034,45.6919769,12.09658402,0,119.2108554
49.11416161,63.05586594,35.69763163,0,103.395027
48.32963036,61.54616908,41.12673972,1,102.2810209
78.45248469,79.47535962,40.19792538,0,198.4714202
50.91280506,27.70365737,27.62504837,0,179.4849097
60.740037,26.24657896,26.00849462,0,241.4938476
93.80730459,63.46032903,7.143798067,0,351.0723922
68.43769842,54.70321502,38.76730752,0,208.9161621
80.05346431,36.44963999,13.57046902,0,313.6603038
50.33919227,24.76516214,24.83477114,0,170.0590201
51.53734113,25.13949498,14.21370465,0,201.3352447
42.45211698,73.65145248,6.69141815,0,82.03273125
50.13610378,31.51203948,31.47788484,0,174.6910822
56.71542034,39.40229373,2.716601741,0,203.1914236
50.62062906,33.59938413,37.43226171,0,170.4090693
45.32215203,41.29977835,15.87933976,0,135.9606135
47.23815227,24.16543056,0.00673465,0,179.7263892
67.64672608,51.14358745,25.55645696,0,231.4010262
52.3800231,24.05675382,2.342595426,1,204.8729254
61.85619166,68.02139047,13.80847789,0,166.5100709
70.20503625,34.02272491,35.34882437,1,245.551659
81.42368972,52.40071488,3.134481081,1,303.7848576
42.35872839,72.80474525,41.96692462,0,51.84771659
87.96462393,59.05264214,0.190996133,0,316.0931289
77.67402337,51.97746719,12.34119346,0,288.2628343
44.90554192,39.46002519,37.04520281,1,112.1093494
92.41471745,39.98011478,15.81350749,0,366.386569
95.25234403,60.16921731,5.094619403,0,345.7789447
43.66467759,79.64836167,18.01169594,0,32.31013111
56.61265889,59.71035139,13.51966432,1,151.5981833
88.37207679,53.46700504,42.13559511,1,285.5471275
84.89558142,63.83903061,15.66739588,0,276.6817096
51.07126116,47.91233674,39.44662359,0,119.0524404
52.5609594,23.60854056,44.59360724,0,192.4302153
62.22832617,53.73780895,21.69087098,0,191.3173728
69.07137911,77.45751707,45.49715719,1,154.4263207
77.09528629,30.51817654,18.8659027,0,304.5813501
62.13481837,61.40029345,48.20392082,0,152.049207
67.75208297,32.05602132,4.464476226,0,277.0598327
84.84825629,52.14966107,34.35096333,1,287.2609583
42.20099217,25.80058698,24.69070202,1,140.2220191
55.14621666,47.02225618,19.38244027,0,163.142864
82.80097515,65.36979973,31.63559394,1,259.2581068
93.71241026,40.85429145,35.19285458,0,382.2898215
70.70064653,59.89470347,0.218163483,0,239.466402
71.92680912,67.72699765,8.347654437,0,215.8820849
46.43032068,75.63066917,35.65230253,0,65.6361035
66.84474201,34.07852491,33.31927068,0,247.0003731
71.95703599,43.95895495,48.30237526,1,237.7948843
54.54823022,29.1449608,38.05188951,0,192.1691742
56.15459386,79.54901013,47.53863539,0,96.26227927
62.63704979,75.62005808,35.12702508,0,146.5025538
41.20427187,52.39742782,14.90261043,0,83.84161149
59.32474993,70.52199766,5.268246113,1,132.786843
52.68688042,51.25747864,39.09119317,0,127.4884227
59.64984113,57.41514128,32.20746107,0,151.3124815
47.18572791,25.34746593,2.40930062,1,161.8562305
93.43163684,65.31622523,18.0025233,0,329.1190972
75.61554721,27.66280902,47.83999077,0,289.9042475
80.74613915,69.56405782,25.02005729,0,257.2286961
87.35027432,66.92168526,21.6364568,0,292.4369101
69.90653194,62.52468186,22.88498026,1,183.3557637
45.21521729,22.16962283,10.4441362,1,173.0645285
72.22639251,38.18770136,18.43535854,0,283.646867
75.21046708,35.78675419,18.4906628,1,275.2948689
84.72636845,41.60818445,2.617751009,0,343.3085133
65.89957277,25.25856481,38.37838143,0,251.2265612
47.65481817,76.21746938,20.8252216,0,76.40324504
57.02655435,53.22813444,41.10899434,0,145.4770216
61.78493778,38.33145864,42.51740006,0,193.0720071
78.75503448,43.81889102,10.59970273,0,297.0093671
74.24669828,46.83215243,32.86767411,1,249.89806
61.36580355,56.03566,23.61409021,0,178.9738557
99.19091493,50.94076566,44.0078369,0,360.2288193
76.34648916,75.16351839,10.78703396,0,222.0129014
54.2336075,49.81780897,33.89066002,0,157.2800371
46.10694836,79.52948089,30.38760611,0,55.83304665
49.17154835,71.08549746,14.76507388,0,98.12922019
54.7574637,32.51063086,6.830045183,1,188.6498822
49.6408824,75.83571288,32.58198802,0,91.95917136
51.19402144,26.98198387,36.92987291,0,171.7794697
57.10571012,69.04698251,15.78136719,0,144.419505
50.40241572,42.83739761,32.2416302,0,162.0353792
93.80592548,72.67845923,19.75654538,0,318.6035172
44.81402474,72.08340141,35.66034416,1,50.04790653
71.47068337,68.35552401,9.960763745,0,210.3790165
64.62380962,67.40182618,44.51075013,0,176.4208972
98.94271701,38.28074835,14.37047982,0,396.7370992
46.72233413,24.85515698,18.38929939,0,165.0054644
63.87133594,44.17881073,2.904597604,0,225.5711818
98.168226,30.4114709,5.575610616,1,429.6069205
91.93042755,61.69706533,25.79309514,0,327.1591359
89.02432426,40.76598359,13.37963384,1,337.2193796
55.47416962,78.53661205,41.77401129,0,96.30754131
50.25325524,58.45832464,0.734669433,1,117.8390608
80.1185932,69.34883382,18.95470243,0,245.3200572
95.76255935,27.95148036,16.86727734,0,424.2650929
73.40577358,71.72086894,0.966381546,0,209.386508
74.29676137,75.36543143,6.21841995,1,223.7315426
56.79874562,49.22371513,20.68213375,0,183.4875279
86.16957599,56.37517627,24.64322922,0,316.6845295
51.22262491,65.88858805,20.21448736,0,109.5993097
59.42075418,30.49031764,26.54688392,1,211.3502865
65.52618632,50.15396459,29.75658375,0,198.1131924
70.45662272,43.91978167,0.496191056,1,248.9488307
54.54458394,28.78243953,23.20475797,0,208.4922102
46.89020948,42.05206534,48.17496204,0,139.2200663
76.63720255,24.09033856,25.95161401,0,310.9579604
57.31783319,21.54871442,33.87711337,1,212.8981211
74.87429329,28.10997735,15.5931929,0,308.8419231
49.26176292,77.7869067,38.69956891,1,47.42732472
68.86840611,52.97177215,38.64607409,0,224.9889416
71.95536595,77.94932967,26.06480238,0,183.6058659
43.10941221,45.9498727,48.80069116,0,97.29306655
60.19625669,38.70896799,6.277510738,0,215.9050984
48.06488062,50.36851177,0.847383244,1,121.2703029
43.80249823,46.37070132,38.50791059,1,96.94668336
99.39761394,26.33988106,40.35777687,1,411.9733234
59.3412307,58.44957888,6.010361456,1,163.0832362
88.59246675,32.96229095,13.27914165,0,363.1135648
55.27843929,57.17527729,0.877618168,0,164.7980795
80.89016333,59.01206554,14.66543054,1,285.630143
85.61367159,29.12149119,38.6570937,0,351.8957011
75.73832444,23.68097763,25.89802639,1,318.3418359
68.29457131,66.84569516,17.40477966,1,175.1768572
64.71045485,47.58802543,18.58696475,0,220.6603554
60.93209599,23.48982773,0.067681286,1,236.6733007
95.77174865,79.69197903,14.99002638,0,297.2105227
89.83716447,23.46683366,32.32293708,0,378.6969724
97.90161464,61.70211373,48.70972219,0,353.667978
47.45783341,79.02073552,42.35304135,0,67.57133363
83.85204851,34.35080625,1.179748232,0,352.3988032
96.30042741,28.53496212,44.92803023,0,386.6411921
50.87398397,27.28309637,39.15992066,1,168.2609603
43.98977604,38.19650885,39.01880618,1,117.0634595
84.46723896,26.06274866,22.89978795,0,360.5161658
74.46838679,61.5296805,19.90026465,0,220.8945048
90.50972661,23.73750789,15.14578644,1,378.5975456
48.3863426,50.56532769,3.284742948,0,138.5179085
87.71603871,79.80181123,11.41176817,0,278.6335961
52.0976392,68.83821617,12.33018175,0,94.68539459
49.81935657,56.91316629,24.20385349,0,121.5472838
49.85594788,38.37521725,37.37222033,0,155.2736824
88.87448321,57.43375018,23.69049142,1,316.1557899
79.91183324,51.62248783,2.892222472,0,301.7966551
71.38392549,45.56500303,47.88949005,0,247.6705895
61.52982905,27.8426226,47.13621595,0,220.396387
92.63203245,73.19625291,39.25947716,0,278.0578965
63.54670645,46.98707893,49.56639508,0,195.0456493
88.99596637,31.67735071,27.22411664,1,368.0293904
66.34809451,42.06556105,48.13841751,1,227.474687
62.61666577,44.84778515,3.780252031,0,228.6031235
67.76078714,69.65227373,18.28403741,1,184.6507778
58.08267245,64.01686283,11.2690634,1,150.5415014
84.85656281,66.15829362,9.791654207,1,271.5092122
70.16322341,20.66187587,7.040147445,0,304.6716886
53.93276171,44.96923989,31.12068208,0,180.855683
93.9744744,48.8806491,39.06609279,0,343.1524473
63.03347328,21.15153661,28.91491997,0,274.5546211
72.61317167,35.58879252,7.348135479,0,284.993924
94.38832666,65.61738939,40.5561885,0,333.6830814
77.45427975,28.22658234,31.79773536,1,290.8512163
47.01388244,52.11860789,19.40828531,1,116.9870958
96.38992742,32.91211232,33.70651478,1,381.9044537
77.66248318,20.72724648,12.99524896,0,326.2076266
60.09433688,34.47208746,17.25961042,0,225.0830447
48.35632436,78.55242529,45.87429216,0,71.83434302
87.64151136,68.09222671,14.52522528,0,286.3110763
77.20436536,77.57459866,23.49941341,0,204.1327632
72.00766552,49.27124264,44.50705687,0,238.3238662
93.63355498,26.58417192,35.38606751,0,396.432044
87.31583267,52.87756934,3.110161308,1,324.7521403
49.10049278,47.26264007,7.365152214,0,156.7905534
58.70332407,70.66142496,0.392079539,1,141.4035788
54.90934839,25.88495485,31.54608951,0,225.5588206
84.63677755,49.29446822,22.38367127,0,315.6454631
42.01194608,29.00291988,6.713742545,0,145.2327543
74.19338109,39.48055561,47.89670605,0,251.9417676
85.74752114,64.24142464,26.4829862,0,284.3866681
92.60593821,48.56108776,12.09466471,0,356.4963137
60.52490492,42.55329711,25.03017856,0,214.6058891
89.27543828,43.66857671,33.98101664,0,346.6743659
46.63790422,47.5668061,3.811960899,0,124.3562372
90.7871375,67.10099263,13.73519075,1,304.5886507
47.64931974,73.52508134,40.34827454,0,77.73761047
63.83723743,77.32008119,22.98324352,1,158.3347166
87.83772195,67.21420318,27.3288571,0,299.9708145
48.99504564,38.92441374,21.64080011,1,153.9144672
53.75508371,61.28808237,2.194997132,1,135.7026152
83.3351541,46.25618744,8.287488991,0,323.9027712
83.20219219,35.28023732,22.27708194,0,346.8069944
78.46885797,70.45229477,10.45927327,1,222.8822897
81.63690667,22.30558094,2.498951433,0,358.8295025
72.5634666,74.10571953,42.1824832,0,185.7889649
55.10794353,47.68864788,49.05962646,0,159.4241399
60.74175961,58.23208861,39.6571437,1,169.7182707
50.89586301,59.56123533,42.68924609,1,98.04247847
94.50703368,73.70706444,12.09885652,0,295.1685676
75.00350769,58.20018093,48.03134878,0,230.4792947
64.05108501,56.83601509,9.846285223,0,210.7949896
67.72034822,23.99912243,47.57149052,0,272.19405
96.83700038,51.10448132,49.7409647,1,351.3874194
49.20108419,29.01014005,35.58614029,0,167.3921377
75.17378992,64.24602612,49.05718659,0,210.0579967
70.35332073,50.73331525,28.47698898,0,241.2144219
76.68725413,60.81366675,12.97708916,1,236.9775744
41.08661103,22.50037404,21.84979428,0,171.3483773
92.32743454,25.08752096,29.67804677,0,402.3281795
95.92709695,62.97940328,3.654078101,0,346.0431561
73.90799102,24.32506016,31.11716323,0,299.2174007
81.79904943,24.27540367,49.05889184,0,334.9855518
95.34996287,20.72650851,9.505382489,0,428.1490869
82.43431806,77.3900839,39.62975581,0,248.7448823
49.15234257,64.25050157,45.39493969,1,86.42740159
74.57730161,41.19508451,47.18507964,1,249.5874818
76.40290278,37.79213488,48.00678022,1,291.3312609
65.44784028,40.98219378,26.07298194,0,232.7314062
84.18665414,66.47921187,48.8653954,1,261.230546
96.06202089,59.68223666,37.86551036,0,335.9306108
95.53411077,31.11173407,8.083571812,0,415.0364561
67.05036228,30.44656012,23.84500532,0,265.5472884
46.79428275,25.90373898,35.91655877,0,145.3091635
99.09047194,59.61816318,12.36701579,0,390.1852765
90.33388519,65.86235973,32.03075918,0,316.8357715
47.47976087,35.9027857,33.33002395,0,144.9562678
95.25051296,21.25669766,8.13498719,0,418.6489785
92.19378172,24.93030005,28.25426562,0,400.4567918
71.13028343,78.07160209,38.58134555,0,181.0845172
75.47652614,37.72668665,24.94478323,0,293.0135553
63.94016223,66.15338887,0.605155839,1,179.0072295
43.28569833,57.47981413,0.451923454,1,96.30531155
60.1118345,42.91637838,17.8514672,0,220.2737391
88.17120692,32.34123573,46.30970342,0,358.6997435
40.27792138,27.28318509,11.43383898,0,130.6097622
60.0099503,56.90077808,31.71818444,1,174.0147316
63.89012162,66.47802684,11.10379353,0,197.3488033
72.24373618,58.63425521,16.08349948,0,267.4289881
95.19133698,51.81812799,42.40210448,0,339.8844364
60.78075966,22.51707341,36.44307211,0,243.0769356
60.81719211,78.10932666,4.769963866,0,124.6613383
84.25007489,67.9228515,21.43510105,1,270.2186125
67.13307645,37.5693222,1.458488182,0,254.3154908
53.47628938,78.79821976,24.04450733,0,116.9972116
67.14637097,56.11289538,33.12170059,1,189.1990641
48.45142122,54.94535949,5.92513118,1,102.5119912
50.58321919,64.88439077,14.44424695,0,111.2125535
69.90206636,68.70618729,19.89183128,0,182.3971639
65.13552697,59.38871644,45.97655123,0,191.4229209
94.89075406,27.68574478,49.66275077,1,363.6000749
61.74363395,40.29605036,2.24556495,0,227.2878624
74.83530102,75.68501842,38.05039617,1,173.003152
77.93585728,33.47693671,18.58620332,0,310.2293332
40.7856674,42.33002143,19.62290931,0,125.890621
79.81224232,45.92461298,37.71324867,0,291.9618402
50.68215801,46.36429938,45.92132161,0,129.0865944
97.66421905,56.77637495,47.54642973,0,350.6830956
48.91976367,76.58455026,28.8561293,0,77.18182187
64.87744742,34.44156271,17.85605797,0,251.3023862
45.12098008,27.29008258,39.37745429,1,127.6674245
99.81245511,31.84822939,12.55006916,0,435.0164549
70.13170062,73.21549401,28.20370144,1,153.081748
75.72310104,58.74864876,17.92892308,0,245.8549006
44.02458864,37.15440735,32.83155369,0,124.5156132
84.99762822,68.95681634,12.01994564,0,287.3978039
52.59433559,71.68219978,9.579647287,0,115.0437632
93.88325737,70.79086032,45.91195433,1,280.8229585
52.30837843,75.13559202,5.090184147,0,98.87568478
51.44126324,35.13446121,25.29789539,0,176.2752462
42.19298007,65.30251572,11.04263915,0,74.04787591
68.32401671,47.63236984,1.946498166,0,239.5908537
73.890468,70.51991317,1.800940915,0,222.7037053
43.94251837,63.70944063,8.761088605,1,84.87484624
86.531657,66.58684679,43.33851773,1,262.6384068
67.19733008,59.36971026,14.1239372,0,209.3043489
71.46341616,30.64572617,47.52295853,0,293.9635151
66.44576482,52.70161513,29.08111465,0,198.0482101
64.04578365,79.08018437,21.83070949,0,132.6347675
73.57841988,76.24328399,29.00444173,0,208.7392072
49.31441476,22.59042415,25.83491926,0,181.6873352
50.91568783,29.88888894,37.93881269,0,172.6488796
91.70713726,27.90372641,14.1248033,0,387.8542681
96.76692773,63.5587946,17.65251958,0,345.2927882
62.39855898,69.06711979,44.70471513,0,167.4915789
56.24468039,32.81068198,47.32282566,0,199.9619097
78.63997259,50.35116158,44.62791137,0,278.8058192
64.52405027,70.44218168,20.9723997,1,147.0874176
41.52318134,63.96809269,39.01827515,0,48.65904639
49.36915584,52.53423233,23.81678667,0,101.4781346
82.95833373,55.42086143,24.87699261,0,283.4176413
79.53543651,50.50163281,10.23400545,1,291.1239461
41.62575955,37.85290708,29.55651516,0,122.8141912
53.31832972,53.90131957,9.306794888,0,151.9204794
53.8644878,61.33311812,16.57823495,0,138.1440824
80.31356462,72.39937495,42.75151008,1,218.5044627
41.18263227,58.17748124,10.35379046,1,76.42889244
46.24651492,65.66729222,3.557914259,0,105.7778158
87.99496512,29.6042981,3.450379631,1,352.8821717
50.71267972,47.69344847,47.03922603,1,127.6533656
79.16476647,20.55989719,25.3460219,1,341.3553757
54.29096686,34.80073187,20.47060359,0,187.4670659
45.96648357,63.58770291,40.54392905,0,89.39205361
54.59033146,79.50859708,41.7912964,0,121.1853594
83.33601591,25.95068598,16.60955166,1,345.4305038
91.34178809,44.08965895,34.68090287,0,355.1222416
89.81319187,68.00425812,38.55614079,0,286.3988019
63.83101178,32.24213808,32.73253434,0,240.1170272
80.08510819,53.30509696,7.57975374,1,284.6281864
52.29905772,63.98427776,43.79415418,1,103.5780794
57.58886382,56.95912702,26.95472764,0,150.351748
93.78014911,31.28148408,14.12362132,1,391.3395845
40.78011541,41.32307412,21.26140927,0,125.2456836
45.13051185,67.02750707,1.87855452,1,85.1446255
52.47317531,53.25359085,6.393340061,0,162.2818967
41.59193223,20.31377681,38.27733753,0,145.8233191
50.88612611,65.6594456,0.000581738,1,120.6104508
74.98249366,22.1186813,20.82829142,0,323.0536384
65.28547304,64.74402696,26.12550905,1,164.3674494
93.56030266,32.14883361,2.731721,0,405.3231957
89.0466137,77.48440881,48.65390815,0,256.0203302
60.5090411,42.07644508,11.30626656,0,206.4103793
55.56540601,39.61589698,15.20993598,0,192.8835512
62.78154449,28.93328302,15.19712561,0,251.4150363
75.41769655,38.33625293,11.52083311,0,282.7632357
56.08381845,72.59904571,0.073691104,0,145.724013
77.44893447,79.78006026,36.4672397,0,215.1709948
64.56469913,42.09857183,48.34227499,1,197.4079301
73.12283085,46.91663786,11.21467416,1,240.7976935
66.16759175,63.32425629,33.15235959,0,186.1642206
57.66794557,73.17174683,37.09481635,1,108.9893889
96.90719842,55.58266005,42.42126895,0,353.2914421
85.81634765,43.49154189,21.13145985,0,327.9017579
48.40679055,44.75731045,15.14654528,1,114.8714906
92.10807855,61.73708879,16.2647567,1,315.0503675
69.24587189,20.19309582,35.63106665,0,284.9714434
93.67313361,57.17536025,40.83897333,1,329.9320712
87.99131536,41.32958063,9.080698388,0,345.7750696
65.51281027,67.65183988,18.54705041,1,189.7735931
41.3481585,25.57943839,45.09700984,0,113.9170053
56.12064156,55.29213602,40.33467598,0,162.9632728
72.49805288,48.85837339,49.24292014,0,237.9088678
78.00869319,58.53953155,37.71241298,0,262.7040451
55.47326113,23.89121567,19.65976005,0,220.5520091
48.36136444,54.79902725,29.5318917,1,118.8383772
90.09581421,53.68907528,33.05071271,0,322.7019445
99.06413084,53.63960566,3.922790816,0,375.0938432
71.54141094,56.20926,27.22484796,0,245.8811536
50.30075715,60.58807623,35.46604142,0,111.4598061
56.33843959,68.29933998,8.3660652,0,143.1260701
41.10344059,36.18924321,39.03158587,0,125.9704428
94.85792839,69.50296461,29.18863903,0,310.3698408
47.06506497,49.89534094,47.61108928,0,117.6840073
74.59098853,24.62349675,2.12111491,0,316.7484441
56.44331324,23.51305575,13.26630688,1,217.2356077
73.25068015,40.05429912,30.07769396,1,261.8287452
79.0852233,67.09381863,14.82799561,0,238.8222628
89.78450822,62.46085608,35.7212082,0,298.3518544
52.38527631,67.31689788,37.95026413,0,121.8281826
40.65974972,51.03614339,5.125798203,0,107.5254746
48.2131378,46.41193988,25.69272321,0,134.7690519
94.00111851,28.8471516,25.44452778,0,402.02026
92.43340465,39.69156522,18.46403851,0,370.6094485
75.84478613,46.04116197,46.64624313,0,277.384319
76.03101163,25.31602578,41.37531599,0,306.8318228
79.90220047,33.23671716,34.8604691,1,307.9257544
50.52227672,55.89351764,35.71633179,1,124.4264838
94.86471676,64.13978685,23.08580719,0,326.7273916
65.12623149,79.90085068,46.04972605,0,158.3924849
62.98831169,75.98679988,34.72977136,1,120.2984589
71.13506232,58.55391197,36.44905308,1,226.6393824
42.81795801,45.2748832,43.08454519,0,98.2709952
49.97700213,58.17064188,13.70357947,0,124.2649497
84.28201699,67.13909708,40.35354519,0,248.0550164
44.96792008,27.10017146,9.762030148,0,161.2102952
76.18912657,44.59429338,17.26709761,0,272.725432
54.72094658,70.38813714,16.78052271,0,118.3617338
63.35773684,43.02997712,48.92627342,0,204.8924836
57.32162421,54.31233627,42.82686119,0,166.147934
61.34036299,55.26616165,35.05849308,1,170.7162786
83.14275431,31.06857519,36.35283808,0,338.4769687
57.82730294,41.7341265,28.10363972,0,180.6612479
73.98427842,40.07067732,47.35453336,0,257.2952299
68.56302413,21.57180251,24.81293764,0,305.252297
79.82026992,21.45150583,19.02588549,1,329.3333848
96.20978436,69.90182262,8.151766847,0,353.7314757
83.95432583,36.3842486,39.31028261,0,324.9173787
52.89642272,51.08472597,36.7221966,1,133.9744427
41.8709881,37.92353442,19.21775193,0,134.6026473
55.73584266,76.44075471,1.259670698,1,127.8867927
75.70467584,35.55780553,41.94986639,0,285.3247094
43.08554881,45.77940876,0.570899173,0,119.7010464
69.78197483,72.36381503,35.18498898,0,186.0305451
75.81057094,70.51601401,48.51285549,0,217.1439742
60.05463345,31.16608507,21.88306641,1,225.9125008
86.25473222,68.15859859,11.74867025,1,279.1244274
46.39589519,47.4912132,35.2435505,0,125.5641373
44.5082669,48.97813233,40.8564071,0,120.5404636
83.69132537,28.00879834,27.3215158,1,342.5913684
69.72947897,24.83609083,48.35176376,1,267.9158599
81.30414379,63.67635842,2.583436083,0,262.6871758
66.08964032,49.78766914,25.23977992,0,191.945672
54.78412199,46.21104216,35.92269737,0,167.4209343
89.14613906,63.77049372,43.13202356,1,285.6754538
87.96495274,65.93077394,8.962780595,0,298.3339988
81.68178825,29.53449006,40.00017409,0,331.7751761
56.32870823,56.61350897,27.63535379,1,143.994809
75.41384001,28.12124494,19.8276841,0,322.1906706
61.65843382,65.08250516,6.585751429,0,175.6953917
45.4949244,59.41730938,43.26478795,0,79.53837642
95.03881453,77.39687727,7.863660409,0,326.3701503
48.20911786,24.13748098,15.48939296,0,182.8546201
97.01424123,23.42328327,14.5022766,0,436.2388681
66.76034638,36.93122448,43.57070171,0,233.379825
